{
    "through": {
        "1589884085.738304": {
            "count": 2,
            "buf": 0,
            "next": 0
        },
        "1589884265.8913012": {
            "count": 2,
            "buf": 0,
            "next": 0
        },
        "1589884446.0348666": {
            "count": 2,
            "buf": 0,
            "next": 0
        },
        "1589884626.149889": {
            "count": 2,
            "buf": 0,
            "next": 0
        },
        "1589884806.2739494": {
            "count": 3,
            "buf": 0,
            "next": 0
        },
        "1589884986.4036705": {
            "count": 3,
            "buf": 0,
            "next": 0
        },
        "1589885329.8269956": {
            "count": 1,
            "buf": 0,
            "next": 0
        },
        "1589885509.9365559": {
            "count": 1,
            "buf": 0,
            "next": 0
        },
        "1589886138.576748": {
            "count": 2,
            "buf": 0,
            "next": 0
        },
        "1589886346.0681577": {
            "count": 4,
            "buf": 0,
            "next": 0
        },
        "1589886581.5935583": {
            "count": 4,
            "buf": 0,
            "next": 0
        },
        "1589886801.5867183": {
            "count": 3,
            "buf": 0,
            "next": 0
        },
        "1589887013.9667087": {
            "count": 4,
            "buf": 0,
            "next": 0
        },
        "1589887194.0689688": {
            "count": 3,
            "buf": 0,
            "next": 0
        },
        "1589887374.2189338": {
            "count": 2,
            "buf": 0,
            "next": 0
        },
        "1589887581.856187": {
            "count": 3,
            "buf": 0,
            "next": 0
        },
        "1589887762.0006669": {
            "count": 3,
            "buf": 0,
            "next": 0
        },
        "1589887942.0569894": {
            "count": 3,
            "buf": 0,
            "next": 0
        },
        "1589888134.0295846": {
            "count": 4,
            "buf": 0,
            "next": 0
        },
        "1589888314.184371": {
            "count": 4,
            "buf": 0,
            "next": 0
        },
        "1589888494.337859": {
            "count": 3,
            "buf": 0,
            "next": 0
        },
        "1589888696.7562528": {
            "count": 4,
            "buf": 0,
            "next": 0
        },
        "1589888876.9156518": {
            "count": 4,
            "buf": 0,
            "next": 0
        },
        "1589889057.0507464": {
            "count": 4,
            "buf": 0,
            "next": 0
        },
        "1589889252.3958378": {
            "count": 5,
            "buf": 0,
            "next": 0
        },
        "1589889432.5520988": {
            "count": 5,
            "buf": 0,
            "next": 0
        },
        "1589889636.578346": {
            "count": 5,
            "buf": 0,
            "next": 0
        },
        "1589889816.7421198": {
            "count": 5,
            "buf": 0,
            "next": 0
        },
        "1589890019.6176004": {
            "count": 5,
            "buf": 0,
            "next": 0
        },
        "1589890199.7643027": {
            "count": 4,
            "buf": 0,
            "next": 0
        },
        "1589890379.9149673": {
            "count": 4,
            "buf": 0,
            "next": 0
        },
        "1589890608.9763558": {
            "count": 3,
            "buf": 0,
            "next": 1
        },
        "1589890797.687605": {
            "count": 4,
            "buf": 0,
            "next": 0
        },
        "1589891008.4689703": {
            "count": 2,
            "buf": 0,
            "next": 1
        },
        "1589891188.6020844": {
            "count": 3,
            "buf": 0,
            "next": 0
        },
        "1589891369.9962678": {
            "count": 4,
            "buf": 0,
            "next": 0
        },
        "1589891550.1379042": {
            "count": 4,
            "buf": 0,
            "next": 0
        },
        "1589891730.2824628": {
            "count": 3,
            "buf": 0,
            "next": 0
        },
        "1589891910.4373262": {
            "count": 3,
            "buf": 0,
            "next": 1
        },
        "1589892111.9108942": {
            "count": 4,
            "buf": 0,
            "next": 0
        },
        "1589892323.6579037": {
            "count": 3,
            "buf": 0,
            "next": 1
        },
        "1589892503.8193216": {
            "count": 5,
            "buf": 0,
            "next": 0
        },
        "1589892702.3548684": {
            "count": 5,
            "buf": 0,
            "next": 0
        },
        "1589892882.515385": {
            "count": 5,
            "buf": 0,
            "next": 0
        }
    }
}