{
    "xception-736-736": 1589880279.142757,
    "xception-737-737": 1589880832.6494384,
    "res-729-729": 1589881384.869235,
    "res-730-730": 1589881960.9808874,
    "xception-738-738": 1589882543.9636765,
    "re-536-536": 1589883206.0396886,
    "vgg-676-676": 1589884699.800252,
    "res-732-732": 1589886097.0016046,
    "vgg-677-677": 1589886170.310168,
    "vgg-678-678": 1589886255.2225866,
    "xception-739-739": 1589886864.4484973,
    "res-733-733": 1589887432.4645586,
    "vgg-679-679": 1589887988.3049295,
    "xception-740-740": 1589888545.797944,
    "vgg-680-680": 1589889153.2523217,
    "res-734-734": 1589889869.0430255,
    "res-735-735": 1589890581.2657564,
    "res-736-736": 1589891219.943944,
    "xception-741-741": 1589891828.7723145,
    "vgg-681-681": 1589892469.3361657
}