{
    "xception-736-736": 1589880279.142757,
    "xception-737-737": 1589880832.6494384,
    "res-729-729": 1589881384.869235,
    "res-730-730": 1589881960.9808874,
    "xception-738-738": 1589882543.9636765,
    "re-536-536": 1589883206.0396886,
    "vgg-676-676": 1589884699.800252,
    "res-732-732": 1589886097.0016046,
    "vgg-677-677": 1589886170.310168,
    "vgg-678-678": 1589886255.2225866,
    "xception-739-739": 1589886864.4484973,
    "res-733-733": 1589887432.4645586,
    "vgg-679-679": 1589887988.3049295,
    "xception-740-740": 1589888545.797944,
    "vgg-680-680": 1589889153.2523217,
    "res-734-734": 1589889869.0430255,
    "res-735-735": 1589890581.2657564,
    "res-736-736": 1589891219.943944,
    "xception-741-741": 1589891828.7723145,
    "vgg-681-681": 1589892469.3361657,
    "res-3-3": 1595173030.0463364,
    "vgg-4-4": 1595185755.0912354,
    "res-4-4": 1595188643.2369943,
    "vgg-5-5": 1595189440.273451,
    "vgg-6-6": 1595189517.5586967,
    "vgg-7-7": 1595207160.7398093,
    "res-5-5": 1595207573.8792818,
    "vgg-8-8": 1595215142.992514,
    "vgg-9-9": 1595215220.706562,
    "res-6-6": 1595226689.6134493,
    "vgg-10-10": 1595238241.2182884,
    "vgg-11-11": 1595244395.5737348,
    "res-7-7": 1595244527.4429548,
    "vgg-12-12": 1595244610.531444,
    "vgg-14-14": 1595254484.6462204,
    "vgg-15-15": 1595254699.9250982,
    "res-13-13": 1595258260.8978965,
    "res-17-17": 1595270387.2585447,
    "vgg-19-19": 1595270467.6164763,
    "vgg-20-20": 1595270770.0998938,
    "vgg-21-21": 1595270848.1388147,
    "res-18-18": 1595271530.9906373,
    "res-19-19": 1595272372.7939553,
    "vgg-22-22": 1595273322.459709,
    "res-20-20": 1595273431.5033672,
    "res-21-21": 1595274038.9272985,
    "res-27-27": 1595287901.9280245,
    "vgg-23-23": 1595288324.5965633,
    "vgg-27-27": 1595298217.8444448,
    "res-25-25": 1595298707.021282,
    "res-33-33": 1595308674.2780962,
    "vgg-31-31": 1595308754.2381823,
    "res-34-34": 1595309377.713728,
    "vgg-32-32": 1595310176.7215786,
    "res-35-35": 1595311192.5216527,
    "res-36-36": 1595319022.6864052,
    "vgg-33-33": 1595319410.8743982,
    "vgg-34-34": 1595322508.2118773,
    "vgg-35-35": 1595322976.924317,
    "res-38-38": 1595323810.0851414,
    "res-41-41": 1595324224.8169687,
    "res-39-39": 1595324330.291342,
    "res-40-40": 1595324433.7830448,
    "res-44-44": 1595326598.7983992,
    "vgg-39-39": 1595329872.0718522,
    "vgg-38-38": 1595330406.3195367,
    "res-46-46": 1595331191.0812354,
    "res-37-37": 1595334904.8997147,
    "vgg-40-40": 1595338671.8298657,
    "res-47-47": 1595338777.341486,
    "res-45-45": 1595338958.5505333,
    "res-48-48": 1595340021.8726146,
    "res-43-43": 1595340207.6053143,
    "vgg-36-36": 1595347052.417647,
    "vgg-37-37": 1595348270.881986,
    "res-42-42": 1595349650.1063986,
    "vgg-41-41": 1595786912.33583,
    "vgg-42-42": 1595786988.8393283,
    "vgg-43-43": 1595787353.8805218,
    "res-49-49": 1595787474.194906,
    "res-50-50": 1595788094.818493,
    "vgg-44-44": 1595788868.9644072,
    "res-51-51": 1595789727.2445548,
    "res-52-52": 1595790879.3245656,
    "res-53-53": 1595792155.2698069,
    "vgg-47-47": 1595798206.571908,
    "vgg-45-45": 1595801719.81107,
    "res-54-54": 1595801823.914087,
    "vgg-48-48": 1595802549.218136,
    "vgg-50-50": 1595804118.7942753,
    "vgg-49-49": 1595804715.9870872,
    "vgg-46-46": 1595809803.163503,
    "vgg-53-53": 1595811335.6046777,
    "res-57-57": 1595811440.2942333,
    "res-56-56": 1595819518.7405703,
    "vgg-51-51": 1595820268.051598,
    "vgg-54-54": 1595820370.2438903,
    "vgg-52-52": 1595821119.171339,
    "res-58-58": 1595824517.8956785,
    "res-59-59": 1595825057.5231147,
    "res-55-55": 1595825517.826189,
    "res-60-60": 1595826052.9564986,
    "vgg-55-55": 1596002422.4343796,
    "res-61-61": 1596002562.6543622,
    "res-62-62": 1596003143.8670397,
    "res-63-63": 1596004039.1919613,
    "vgg-56-56": 1596004119.178207,
    "vgg-57-57": 1596006464.80142,
    "vgg-58-58": 1596006614.572711,
    "vgg-59-59": 1596006642.7561803,
    "vgg-60-60": 1596007846.8134084,
    "res-67-67": 1596017367.1897655,
    "vgg-61-61": 1596017589.431007,
    "res-64-64": 1596017693.5295224,
    "res-65-65": 1596018262.431151,
    "res-70-70": 1596022792.7970839,
    "vgg-63-63": 1596023470.7688642,
    "res-68-68": 1596028494.0466611,
    "vgg-67-67": 1596028594.4888499,
    "vgg-62-62": 1596028695.930323,
    "res-66-66": 1596031616.6629949,
    "vgg-65-65": 1596033846.8455687,
    "res-69-69": 1596034164.2275789,
    "vgg-64-64": 1596035044.0906224,
    "res-71-71": 1596037210.091029,
    "vgg-68-68": 1596037829.0689821,
    "res-72-72": 1596040141.7822366
}